[{
    "avatar": "https://pic4.zhimg.com/v2-7cb8b1ea5e11779e25b4b35d52b777f2_xl.jpg",
    "name": "MonkeyLei",
    "introduction": "编程界大佬，技术牛，人还特别好，不懂的都可以请教大佬",
    "url": "https://www.zhihu.com/people/monkey.d.luffy",
    "title": "盘他"
}, {
    "avatar": "https://pic3.zhimg.com/v2-a22c84bba0d5e8441df0405223a29d16_xl.jpg",
    "name": "LuoMu",
    "introduction": "平凡的脚步也可以走出伟大的行程",
    "url": "https://www.zhihu.com/people/luo-mu-5-71",
    "title": "打他"
}, {
    "avatar": "http://image.luokangyuan.com/avatar.jpg",
    "name": "ja_rome",
    "introduction": "平凡的脚步也可以走出伟大的行程",
    "url": "https://me.csdn.net/jlh912008548",
    "title": "前去学习"
}]