[{
    "avatar": "https://pic4.zhimg.com/v2-7cb8b1ea5e11779e25b4b35d52b777f2_xl.jpg",
    "name": "MonkeyLei",
    "introduction": "编程界菜鸟，技术牛，人还特别好，哈哈..",
    "url": "https://www.zhihu.com/people/monkey.d.luffy",
    "title": "盘他"
}, {
    "avatar": "https://gitee.com/moredos/ChuanPoXie_Media/raw/ee0d6036fe167f32ce6c3e273f091f7df2fc6511/images/header/%E8%90%BD%E6%9C%A8_%E7%9F%A5%E4%B9%8E.jpg",
    "name": "LuoMu",
    "introduction": "平凡的脚步也可以走出伟大的行程",
    "url": "https://www.zhihu.com/people/luo-mu-5-71",
    "title": "打他"
}]